<?xml version="1.0" encoding="UTF-8"?>
<project-private xmlns="http://www.netbeans.org/ns/project-private/1">
    <editor-bookmarks xmlns="http://www.netbeans.org/ns/editor-bookmarks/2" lastBookmarkId="0"/>
    <open-files xmlns="http://www.netbeans.org/ns/projectui-open-files/2">
        <group>
            <file>file:/Users/zhouzhou/NetBeansProjects/SubwaySystem%20-final/src/userinterface/SupplierRole/ManageSupplierOrganizationJPanel.java</file>
            <file>file:/Users/zhouzhou/NetBeansProjects/SubwaySystem%20-final/src/userinterface/SystemAdminWorkArea/ManageEnterpriseJPanel.java</file>
            <file>file:/Users/zhouzhou/NetBeansProjects/SubwaySystem%20-final/src/userinterface/AdministrativeRole/ManageOrganizationJPanel.java</file>
            <file>file:/Users/zhouzhou/NetBeansProjects/SubwaySystem%20-final/src/userinterface/AdministrativeRole/ManageEmployeeJPanel.java</file>
            <file>file:/Users/zhouzhou/NetBeansProjects/SubwaySystem%20-final/src/userinterface/MaintenanceStaffRole/MaintenanceStaffWorkAreaJPanel.java</file>
            <file>file:/Users/zhouzhou/NetBeansProjects/SubwaySystem%20-final/src/userinterface/SystemAdminWorkArea/ManageEnterpriseAdminJPanel.java</file>
            <file>file:/Users/zhouzhou/NetBeansProjects/SubwaySystem%20-final/src/userinterface/CustomerRole/InformationJPanel.java</file>
            <file>file:/Users/zhouzhou/NetBeansProjects/SubwaySystem%20-final/src/userinterface/AdministrativeRole/ManageCustomerAccountJPanel.java</file>
            <file>file:/Users/zhouzhou/NetBeansProjects/SubwaySystem%20-final/src/userinterface/OperatorRole/OperatorWorkAreaJPanel.java</file>
            <file>file:/Users/zhouzhou/NetBeansProjects/SubwaySystem%20-final/src/Business/Data/DataGenerator.java</file>
            <file>file:/Users/zhouzhou/NetBeansProjects/SubwaySystem%20-final/src/userinterface/AdministrativeRole/RevenueJPanel.java</file>
            <file>file:/Users/zhouzhou/NetBeansProjects/SubwaySystem%20-final/src/userinterface/AdministrativeRole/ManageCustomerJPanel.java</file>
            <file>file:/Users/zhouzhou/NetBeansProjects/SubwaySystem%20-final/src/userinterface/OperatorRole/CreateStopJPanel.java</file>
            <file>file:/Users/zhouzhou/NetBeansProjects/SubwaySystem%20-final/src/userinterface/AdministrativeRole/RatingResultJPanel.java</file>
            <file>file:/Users/zhouzhou/NetBeansProjects/SubwaySystem%20-final/src/userinterface/SystemAdminWorkArea/EnterpriseRevenueJPanel.java</file>
            <file>file:/Users/zhouzhou/NetBeansProjects/SubwaySystem%20-final/src/userinterface/CustomerRole/CreateTicketJPanel.java</file>
            <file>file:/Users/zhouzhou/NetBeansProjects/SubwaySystem%20-final/src/userinterface/CustomerRole/RatingJPanel.java</file>
            <file>file:/Users/zhouzhou/NetBeansProjects/SubwaySystem%20-final/src/userinterface/CustomerRole/CustomerWorkAreaJPanel.java</file>
            <file>file:/Users/zhouzhou/NetBeansProjects/SubwaySystem%20-final/src/userinterface/SupplierRole/SupplierWorkAreaJPanel.java</file>
            <file>file:/Users/zhouzhou/NetBeansProjects/SubwaySystem%20-final/src/userinterface/SystemAdminWorkArea/SystemAdminWorkAreaJPanel.java</file>
            <file>file:/Users/zhouzhou/NetBeansProjects/SubwaySystem%20-final/src/userinterface/AdministrativeRole/ManageUserAccountJPanel.java</file>
            <file>file:/Users/zhouzhou/NetBeansProjects/SubwaySystem%20-final/src/userinterface/SupplierRole/ManageSupplierAccountJPanel.java</file>
            <file>file:/Users/zhouzhou/NetBeansProjects/SubwaySystem%20-final/src/userinterface/AdministrativeRole/CreateCustomerJPanel.java</file>
            <file>file:/Users/zhouzhou/NetBeansProjects/SubwaySystem%20-final/src/userinterface/SystemAdminWorkArea/ViewJPanel.java</file>
            <file>file:/Users/zhouzhou/NetBeansProjects/SubwaySystem%20-final/src/userinterface/SystemAdminWorkArea/EnterpriseRatingJPanel.java</file>
            <file>file:/Users/zhouzhou/NetBeansProjects/SubwaySystem%20-final/src/userinterface/AdministrativeRole/AdminWorkAreaJPanel.java</file>
            <file>file:/Users/zhouzhou/NetBeansProjects/SubwaySystem%20-final/src/userinterface/OperatorRole/CreateLineJPanel.java</file>
            <file>file:/Users/zhouzhou/NetBeansProjects/SubwaySystem%20-final/src/Business/Organization/OrganizationDirectory.java</file>
            <file>file:/Users/zhouzhou/NetBeansProjects/SubwaySystem%20-final/src/userinterface/SupplierRole/ManageSupplierEmployeeJPanel.java</file>
            <file>file:/Users/zhouzhou/NetBeansProjects/SubwaySystem%20-final/src/userinterface/OperatorRole/RequestMaintenanceJpanel.java</file>
            <file>file:/Users/zhouzhou/NetBeansProjects/SubwaySystem%20-final/src/userinterface/ManifactureRole/ManifactureWorkAreaJPanel.java</file>
            <file>file:/Users/zhouzhou/NetBeansProjects/SubwaySystem%20-final/src/userinterface/AdministrativeRole/RequestAndReceiveMapJpanel.java</file>
            <file>file:/Users/zhouzhou/NetBeansProjects/SubwaySystem%20-final/src/Business/SubwaySystem.java</file>
            <file>file:/Users/zhouzhou/NetBeansProjects/SubwaySystem%20-final/src/userinterface/MainJFrame.java</file>
            <file>file:/Users/zhouzhou/NetBeansProjects/SubwaySystem%20-final/src/userinterface/CustomerRole/HistoryTicketJPanel.java</file>
            <file>file:/Users/zhouzhou/NetBeansProjects/SubwaySystem%20-final/src/Business/Network/Network.java</file>
            <file>file:/Users/zhouzhou/NetBeansProjects/SubwaySystem%20-final/src/Business/Enterprise/Enterprise.java</file>
        </group>
    </open-files>
</project-private>
