<?xml version="1.0" encoding="UTF-8"?>
<beans xmlns="http://www.springframework.org/schema/beans"
       xmlns:xsi="http://www.w3.org/2001/XMLSchema-instance"
       xmlns:p="http://www.springframework.org/schema/p"
       xmlns:aop="http://www.springframework.org/schema/aop"
       xmlns:tx="http://www.springframework.org/schema/tx"
       xsi:schemaLocation="http://www.springframework.org/schema/beans http://www.springframework.org/schema/beans/spring-beans-3.1.xsd
       http://www.springframework.org/schema/aop http://www.springframework.org/schema/aop/spring-aop-3.1.xsd
       http://www.springframework.org/schema/tx http://www.springframework.org/schema/tx/spring-tx-3.1.xsd">

    <bean class="org.springframework.web.servlet.mvc.support.ControllerClassNameHandlerMapping"/>

    <!--
    Most controllers will use the ControllerClassNameHandlerMapping above, but
    for the index controller we are using ParameterizableViewController, so we must
    define an explicit mapping for it.
    -->
    <bean id="urlMapping" class="org.springframework.web.servlet.handler.SimpleUrlHandlerMapping">
        <property name="mappings">
            <props>
                <prop key="index.htm">indexController</prop>
            </props>
        </property>
    </bean>
    

    <bean id="viewResolver"
          class="org.springframework.web.servlet.view.InternalResourceViewResolver"
          p:prefix="/WEB-INF/jsp/"
          p:suffix=".jsp" />

    <!--
    The index controller.
    -->
    <bean name="indexController"
          class="org.springframework.web.servlet.mvc.ParameterizableViewController"
          p:viewName="index" />
    
    <bean name="professorLoginController" class="com.neu.controller.ProfessorLoginController" />
    <bean name="assistantLoginController" class="com.neu.controller.AssistantLoginController" />
    <bean name="professorRegisterController" class="com.neu.controller.ProfessorRegisterController" />
    <bean name="assistantRegisterController" class="com.neu.controller.AssistantRegisterController" />
    <bean name="professorAddAssistantController" class="com.neu.controller.ProfessorAddAssistantController" />
    <bean name="professorAddTaskController" class="com.neu.controller.ProfessorAddTaskController" />
    <bean name="professorDeleteTaskController" class="com.neu.controller.ProfessorDeleteTaskController" />
    <bean name="assistantProcessTaskController" class="com.neu.controller.AssistantProcessTaskController" />

</beans>
