Ticket-Id,Line-id,Date,User-Id, Comment
0,0,2018.12.09 AD at 21:47:49 EST,amy,Regular one way trip ticket Id 0
1,1,2018.12.09 AD at 21:47:49 EST,amy,Regular one way trip ticket Id 1
2,2,2018.12.09 AD at 21:47:49 EST,amy,Regular one way trip ticket Id 2
3,0,2018.12.09 AD at 21:47:49 EST,amy,Regular one way trip ticket Id 3
4,2,2018.12.09 AD at 21:47:49 EST,amy,Regular one way trip ticket Id 4
5,0,2018.12.09 AD at 21:47:49 EST,amy,Regular one way trip ticket Id 5
6,1,2018.12.09 AD at 21:47:49 EST,amy,Regular one way trip ticket Id 6
7,1,2018.12.09 AD at 21:47:49 EST,amy,Regular one way trip ticket Id 7
8,0,2018.12.09 AD at 21:47:49 EST,amy,Regular one way trip ticket Id 8
9,2,2018.12.09 AD at 21:47:49 EST,amy,Regular one way trip ticket Id 9
10,0,2018.12.09 AD at 21:47:49 EST,amy,Regular one way trip ticket Id 10
11,1,2018.12.09 AD at 21:47:49 EST,amy,Regular one way trip ticket Id 11
12,1,2018.12.09 AD at 21:47:49 EST,amy,Regular one way trip ticket Id 12
13,0,2018.12.09 AD at 21:47:49 EST,amy,Regular one way trip ticket Id 13
14,1,2018.12.09 AD at 21:47:49 EST,amy,Regular one way trip ticket Id 14
15,0,2018.12.09 AD at 21:47:49 EST,amy,Regular one way trip ticket Id 15
16,0,2018.12.09 AD at 21:47:49 EST,amy,Regular one way trip ticket Id 16
17,0,2018.12.09 AD at 21:47:49 EST,amy,Regular one way trip ticket Id 17
18,2,2018.12.09 AD at 21:47:49 EST,amy,Regular one way trip ticket Id 18
19,1,2018.12.09 AD at 21:47:49 EST,amy,Regular one way trip ticket Id 19
20,0,2018.12.09 AD at 21:47:49 EST,amy,Regular one way trip ticket Id 20
21,1,2018.12.09 AD at 21:47:49 EST,amy,Regular one way trip ticket Id 21
22,0,2018.12.09 AD at 21:47:49 EST,amy,Regular one way trip ticket Id 22
23,0,2018.12.09 AD at 21:47:49 EST,amy,Regular one way trip ticket Id 23
24,1,2018.12.09 AD at 21:47:49 EST,amy,Regular one way trip ticket Id 24
25,1,2018.12.09 AD at 21:47:49 EST,amy,Regular one way trip ticket Id 25
26,1,2018.12.09 AD at 21:47:49 EST,amy,Regular one way trip ticket Id 26
27,0,2018.12.09 AD at 21:47:49 EST,amy,Regular one way trip ticket Id 27
28,2,2018.12.09 AD at 21:47:49 EST,amy,Regular one way trip ticket Id 28
29,2,2018.12.09 AD at 21:47:49 EST,amy,Regular one way trip ticket Id 29
30,2,2018.12.09 AD at 21:47:49 EST,amy,Regular one way trip ticket Id 30
31,0,2018.12.09 AD at 21:47:49 EST,amy,Regular one way trip ticket Id 31
32,0,2018.12.09 AD at 21:47:49 EST,amy,Regular one way trip ticket Id 32
33,1,2018.12.09 AD at 21:47:49 EST,amy,Regular one way trip ticket Id 33
34,1,2018.12.09 AD at 21:47:49 EST,amy,Regular one way trip ticket Id 34
35,2,2018.12.09 AD at 21:47:49 EST,amy,Regular one way trip ticket Id 35
36,2,2018.12.09 AD at 21:47:49 EST,amy,Regular one way trip ticket Id 36
37,0,2018.12.09 AD at 21:47:49 EST,amy,Regular one way trip ticket Id 37
38,1,2018.12.09 AD at 21:47:49 EST,amy,Regular one way trip ticket Id 38
39,0,2018.12.09 AD at 21:47:49 EST,amy,Regular one way trip ticket Id 39
40,1,2018.12.09 AD at 21:47:49 EST,amy,Regular one way trip ticket Id 40
41,1,2018.12.09 AD at 21:47:49 EST,amy,Regular one way trip ticket Id 41
42,1,2018.12.09 AD at 21:47:49 EST,amy,Regular one way trip ticket Id 42
43,0,2018.12.09 AD at 21:47:49 EST,amy,Regular one way trip ticket Id 43
44,1,2018.12.09 AD at 21:47:49 EST,amy,Regular one way trip ticket Id 44
45,2,2018.12.09 AD at 21:47:49 EST,amy,Regular one way trip ticket Id 45
46,1,2018.12.09 AD at 21:47:49 EST,amy,Regular one way trip ticket Id 46
47,0,2018.12.09 AD at 21:47:49 EST,amy,Regular one way trip ticket Id 47
48,2,2018.12.09 AD at 21:47:49 EST,amy,Regular one way trip ticket Id 48
49,1,2018.12.09 AD at 21:47:49 EST,amy,Regular one way trip ticket Id 49
